id,name,age,height_m,weight_kg,children,occupation,academic_degree,salary,location
1,Glad Gavrieli,38,1.52,74,0,Computer Systems Analyst IV,Bachelor,78,Louisiana
2,Henrieta Fittes,34,1.72,39,4,Teacher,Master,44,Illinois
3,Peyton Dulanty,24,1.80,47,5,Senior Quality Engineer,PhD,44,North Carolina
4,Denna Morgen,48,1.81,71,5,Account Executive,Master,81,California
5,Camella Izaks,34,1.65,60,1,Director of Sales,PhD,76,Ohio
6,Shara Esposi,49,1.50,52,2,Sales Associate,Master,68,Virginia
7,Saunderson Gudgen,64,1.93,47,0,Sales Representative,Master,85,New York
8,Aldrich Rosendorf,42,1.77,66,0,Developer II,PhD,84,District of Columbia
9,Edlin Washington,50,1.74,52,4,Design Engineer,Master,88,Oregon
10,Anders Penwright,55,1.98,90,2,Project Manager,Bachelor,116,Georgia
11,Ruthie Cubbini,67,1.52,55,4,Data Coordiator,PhD,51,District of Columbia
12,Juliet Harbidge,66,1.61,49,2,Actuary,PhD,66,Mississippi
13,Jeannine Kelner,30,1.80,81,1,Programmer II,Bachelor,90,Hawaii
14,Roi Gristhwaite,66,1.86,90,1,Product Engineer,Bachelor,40,Tennessee
15,Brant Stark,58,1.94,53,4,Sales Representative,Bachelor,96,North Carolina
16,Donny Rankling,26,1.51,39,1,Physical Therapy Assistant,Bachelor,116,Virginia
17,Dov Gavaghan,27,1.58,68,5,Computer Systems Analyst I,Bachelor,74,Utah
18,Rosanne Wreak,37,1.76,81,2,Payment Adjustment Coordinator,Master,103,Florida
19,Belva Spraggs,50,1.65,80,2,Teacher,Bachelor,46,Georgia
20,Welch Lease,21,1.57,79,4,Mechanical Systems Engineer,Master,114,Massachusetts
21,Kaye Van Halle,34,1.71,46,4,Media Manager I,PhD,94,Texas
22,Perri Prall,52,1.61,61,5,Account Executive,Bachelor,85,Pennsylvania
23,Sacha Jarritt,31,1.69,77,3,Professor,Bachelor,89,Oklahoma
24,Carey Tomczykiewicz,18,1.84,38,1,Community Outreach Specialist,PhD,88,Georgia
25,Lucie Seak,61,1.63,79,0,VP Product Management,PhD,72,California
26,Mead Garrett,47,1.84,57,5,Quality Control Specialist,Bachelor,77,Washington
27,Tiffany Gascoigne,20,1.80,85,2,Clinical Specialist,Master,88,Oklahoma
28,Hayes Imesson,24,1.79,74,5,Staff Accountant IV,PhD,71,Nevada
29,Hughie Chimenti,51,1.82,56,2,Actuary,PhD,48,Virginia
30,Bary Burkart,61,1.87,44,5,Human Resources Assistant III,Master,102,Illinois
31,Kerry Natte,34,1.65,44,5,Data Coordiator,PhD,77,Georgia
32,Cull Palffrey,48,1.71,84,5,Nuclear Power Engineer,Master,109,California
33,Peggy Darwent,64,1.71,57,3,Civil Engineer,PhD,105,Mississippi
34,Zach Surfleet,21,1.99,84,5,Senior Quality Engineer,PhD,40,Florida
35,Phillip Geockle,27,1.72,84,5,Clinical Specialist,Bachelor,50,Kansas
36,Lazare Castro,66,1.62,43,0,Community Outreach Specialist,Master,53,North Carolina
37,Dorris Collisson,56,1.56,90,5,Human Resources Manager,Master,119,District of Columbia
38,Baron Kemster,25,1.73,49,5,Senior Cost Accountant,PhD,116,Kentucky
39,Valeria Pinnington,27,1.78,66,0,Chief Design Engineer,Bachelor,101,North Carolina
40,Roseanna Crellim,27,1.91,82,4,Accountant I,PhD,109,California
41,Dietrich Quince,36,1.96,89,1,Programmer II,PhD,114,Massachusetts
42,Izzy Youthead,55,1.63,43,0,Office Assistant IV,Bachelor,98,Texas
43,Fey Mumbey,63,1.93,49,2,Software Consultant,PhD,65,Pennsylvania
44,Ingram McGeachy,20,1.97,41,4,Sales Associate,Bachelor,48,Oklahoma
45,Garvy Balling,49,1.58,71,3,Research Associate,Bachelor,99,New York
46,Vinny Rikard,33,1.70,61,4,Social Worker,PhD,93,California
47,Damita Grotty,23,1.51,50,4,Help Desk Technician,PhD,69,Texas
48,Scot Petrashov,48,1.67,52,0,Engineer III,PhD,66,California
49,Trefor Thyng,51,1.93,88,3,Administrative Assistant I,Master,111,Indiana
50,Marin Lifton,61,1.70,48,4,Web Developer II,Bachelor,41,California
51,Austine Skeel,55,1.93,88,1,Developer III,Bachelor,64,Florida
52,Mavis McKerrow,28,1.80,90,5,Accounting Assistant II,Bachelor,76,California
53,Giacobo Duligal,64,1.66,81,1,Financial Analyst,Bachelor,62,New York
54,Ramonda Proby,25,1.52,79,1,Senior Quality Engineer,Bachelor,53,South Carolina
55,Thomasina Briggs,54,1.84,82,2,Nurse Practicioner,PhD,41,Ohio
56,Cathleen Thorrold,45,1.91,56,1,Editor,Bachelor,43,Connecticut
57,Francesca Flexman,29,1.99,43,4,Biostatistician II,Bachelor,70,California
58,Nanete Manifold,22,1.61,75,1,Graphic Designer,PhD,65,Texas
59,Tonia Oxlade,51,1.71,63,4,Recruiting Manager,Bachelor,82,Arkansas
60,Reidar Punchard,23,1.94,87,3,Librarian,PhD,103,Texas
61,Annis Aloway,27,1.87,47,4,GIS Technical Architect,Bachelor,103,Florida
62,Mandy Quantick,61,1.80,42,2,Software Consultant,PhD,59,Texas
63,Etta Matuszyk,43,1.80,59,4,Registered Nurse,Master,85,District of Columbia
64,Fey Snowden,34,1.99,40,1,Tax Accountant,Master,93,Florida
65,Jareb Dufty,38,1.82,88,4,Tax Accountant,Master,77,Kansas
66,Clayborn Robyns,47,1.99,75,3,Computer Systems Analyst IV,Master,41,New York
67,Jill Abramchik,56,1.60,59,1,Account Representative III,Master,62,Michigan
68,Faber Prince,53,2.00,85,1,Senior Developer,Master,59,Texas
69,Pall Lipyeat,50,1.98,50,3,Web Designer IV,Bachelor,50,Louisiana
70,Coleman Inott,21,1.57,65,5,Assistant Media Planner,Master,43,Florida
71,Kevan Hurrell,38,1.77,58,2,Social Worker,Bachelor,78,New York
72,Cyndie Schapiro,23,1.76,54,1,Media Manager I,PhD,91,California
73,Hoebart Hanmore,42,1.87,70,5,Senior Quality Engineer,Master,117,Colorado
74,Brion Twelvetrees,18,1.53,62,4,Health Coach I,PhD,101,Virginia
75,Luise Cocozza,34,1.80,48,4,Mechanical Systems Engineer,PhD,45,District of Columbia
76,Dynah Leslie,48,1.71,67,3,Assistant Media Planner,PhD,114,Virginia
77,Wittie Swaby,39,1.60,61,5,Administrative Assistant IV,Bachelor,104,New York
78,Inglis Element,45,1.81,90,5,Budget/Accounting Analyst I,Master,104,Texas
79,Tamma Fincken,59,1.80,64,4,Research Associate,Master,51,Florida
80,Alyss Biddy,59,1.77,44,3,Office Assistant I,Bachelor,110,Wisconsin
81,Grenville Teesdale,40,1.69,40,4,Assistant Manager,PhD,76,North Dakota
82,Barthel Heino,60,1.55,47,4,Safety Technician IV,Bachelor,44,Massachusetts
83,Ella Brainsby,48,1.69,79,3,Geologist I,Master,112,Colorado
84,Elaine Wennam,35,1.56,81,1,Engineer II,Bachelor,74,Iowa
85,Addie MacElharge,57,1.55,53,4,Web Developer I,PhD,118,Washington
86,Vince Myderscough,55,1.52,69,3,Human Resources Assistant II,Bachelor,89,Georgia
87,Tudor Dinwoodie,60,1.73,79,4,Recruiter,Bachelor,62,South Carolina
88,Kelbee Gravie,43,1.56,67,1,Information Systems Manager,Bachelor,74,Texas
89,Merrel Kesey,45,1.64,71,4,Chemical Engineer,Bachelor,70,Ohio
90,Lacie Theuss,45,1.54,51,2,Research Assistant III,Bachelor,104,Indiana
91,Daryn Bromwich,64,1.67,61,4,Assistant Professor,PhD,58,District of Columbia
92,Alexandra Hache,57,1.65,51,3,Senior Financial Analyst,Master,59,Florida
93,Aida Hetterich,54,1.97,52,1,Office Assistant II,PhD,56,Texas
94,Garwood Worsnup,39,1.51,44,1,Operator,PhD,116,California
95,Javier Loos,49,1.74,89,4,Geologist II,Master,54,Colorado
96,Meggy Chesworth,32,1.75,45,1,Project Manager,Master,97,Idaho
97,Allissa Abbotts,33,1.89,83,0,Occupational Therapist,Master,119,New York
98,Jessie Salliere,53,1.61,88,0,Programmer III,Master,93,Connecticut
99,Margaret Imlach,63,1.62,59,2,Technical Writer,PhD,46,Wisconsin
100,Vite Brayley,65,1.79,67,5,Librarian,Master,108,Texas
101,Garret Coulthard,66,1.74,42,5,Automation Specialist II,PhD,57,Pennsylvania
102,Lauren Ruffy,42,1.95,41,5,VP Marketing,Master,66,Tennessee
103,Harp Dietzler,34,1.53,81,4,Developer I,Bachelor,67,Oklahoma
104,Maybelle Coupe,55,1.96,83,2,Legal Assistant,Bachelor,94,Virginia
105,Bobbie Glendining,50,1.69,71,0,Compensation Analyst,Bachelor,43,Ohio
106,Joelle McMurray,50,1.74,61,2,Accounting Assistant IV,Bachelor,85,Nevada
107,Tootsie Tebbitt,41,1.63,66,0,Structural Analysis Engineer,Bachelor,49,Virginia
108,Kiley Hardan,66,1.71,53,0,Structural Engineer,Bachelor,57,Texas
109,John Ditty,27,1.51,39,2,Engineer III,Master,118,Ohio
110,Yevette Sisey,55,1.80,59,1,Account Coordinator,PhD,49,Pennsylvania
111,Caryn Romero,64,1.50,54,3,Software Test Engineer II,PhD,104,California
112,Zeke Macro,29,1.94,52,0,Programmer II,Master,116,Michigan
113,Skye Tilley,42,1.57,51,1,Senior Editor,PhD,45,Texas
114,Candide Hellwing,64,1.75,62,1,Analog Circuit Design manager,PhD,76,North Carolina
115,Tabby Ganiford,28,1.56,49,2,Social Worker,PhD,40,New York
116,Kalie St Clair,20,1.90,86,0,Physical Therapy Assistant,Bachelor,110,Texas
117,Jarret Wedge,27,1.82,81,3,Programmer I,Bachelor,104,Texas
118,Torrey Knutton,59,1.71,76,4,Database Administrator IV,Bachelor,40,California
119,Jeanna Wareham,63,1.87,56,1,Quality Engineer,Bachelor,59,Texas
120,Jennee Pitblado,21,1.74,66,1,Software Consultant,Master,54,Idaho
121,Spense Sondon,26,1.92,54,2,Nuclear Power Engineer,Bachelor,99,District of Columbia
122,Garner Luckey,40,1.82,48,5,Community Outreach Specialist,Master,99,Montana
123,Bernete Orrin,28,1.83,57,3,Administrative Officer,PhD,113,Ohio
124,Phil Paty,40,1.79,78,4,Associate Professor,Bachelor,53,Oregon
125,Davita Stilldale,52,1.64,70,1,Nurse Practicioner,PhD,66,Alabama
126,Dede Spritt,26,1.87,78,4,Chemical Engineer,PhD,120,Nevada
127,Theresa Wadhams,25,1.86,54,5,Software Test Engineer IV,Bachelor,69,Illinois
128,Kory Layne,31,1.97,69,1,Nurse Practicioner,PhD,47,Alabama
129,Karl Hanney,34,1.59,86,1,Software Test Engineer IV,Bachelor,91,Minnesota
130,Anni Sang,30,1.84,79,5,Developer IV,PhD,99,Florida
131,Daniel Buxcy,51,1.58,73,0,Editor,Bachelor,62,Washington
132,Shea Height,60,1.50,39,1,Programmer Analyst I,Master,100,Missouri
133,Lorita Delgado,25,1.85,84,2,Tax Accountant,Master,63,New Hampshire
134,Jacquenetta Leatherland,20,1.72,66,0,Payment Adjustment Coordinator,Master,115,North Carolina
135,Nicolis Bilbrook,54,1.89,59,4,Sales Associate,PhD,79,Louisiana
136,Tammara Aylen,23,1.88,74,3,Speech Pathologist,Bachelor,116,Louisiana
137,Dwain Gley,34,1.76,49,4,Senior Quality Engineer,PhD,107,Tennessee
138,Norrie Laborde,66,1.97,82,4,Marketing Assistant,PhD,42,Texas
139,Tremaine Burgisi,36,1.94,85,4,Technical Writer,PhD,54,District of Columbia
140,Felipa Cannam,60,1.97,42,4,Account Executive,Master,104,Illinois
141,Lil Pithcock,57,1.62,54,1,Sales Representative,Bachelor,78,Alabama
142,Alexa Foxcroft,40,1.55,88,3,Media Manager III,Master,83,Virginia
143,Waly Pitrelli,53,1.53,47,0,Occupational Therapist,PhD,66,Florida
144,Melva Rate,42,1.59,51,1,Human Resources Assistant II,Bachelor,87,Pennsylvania
145,Iain Coneley,18,2.00,61,2,Research Nurse,PhD,118,Iowa
146,Vivyanne Calderbank,33,1.95,58,0,Sales Representative,PhD,98,Nebraska
147,Karissa Moralis,40,1.73,89,1,Financial Advisor,PhD,40,Florida
148,Jo Sheward,51,1.70,65,4,Actuary,Master,79,California
149,Marline Kryzhov,52,1.56,46,4,Compensation Analyst,PhD,100,Texas
150,Elisha MacLennan,67,1.68,53,1,Business Systems Development Analyst,Bachelor,113,Georgia
151,Federica Digger,40,1.76,61,3,VP Product Management,Bachelor,86,New York
152,Isidora Baptiste,39,1.69,53,4,Financial Analyst,Bachelor,111,Florida
153,Weber Wansbury,58,1.74,42,3,Pharmacist,Bachelor,89,Texas
154,Neddy M'Chirrie,27,1.53,84,2,Community Outreach Specialist,Bachelor,98,New York
155,Alexi Lynthal,65,1.56,63,1,Statistician IV,PhD,93,Illinois
156,Estrellita Verriour,41,1.94,42,3,Product Engineer,PhD,75,California
157,Jenda Loft,26,1.72,57,5,Payment Adjustment Coordinator,Master,40,Alabama
158,Lilian Guiver,38,1.79,61,5,Engineer I,PhD,82,Colorado
159,Ardelis Martinez,63,1.86,81,5,Editor,Master,87,California
160,Noel Ayer,62,1.51,63,5,Civil Engineer,Master,66,Iowa
161,Tiffi Tilt,53,1.79,82,4,General Manager,Bachelor,60,Texas
162,Noble Ielden,57,1.53,43,0,Dental Hygienist,Bachelor,65,Illinois
163,Jard Mewhirter,47,1.81,51,1,VP Quality Control,Master,118,Pennsylvania
164,Lexi Layson,32,2.00,76,1,VP Quality Control,Master,55,Tennessee
165,Phyllida Tweedlie,65,1.90,75,0,Dental Hygienist,Bachelor,79,Oklahoma
166,Rycca Senecaut,50,1.67,79,5,Director of Sales,Master,110,District of Columbia
167,Garrett Von Salzberg,33,1.92,39,2,Quality Control Specialist,PhD,59,Virginia
168,Wrennie Davids,28,1.88,89,1,Senior Developer,PhD,55,Indiana
169,Carmita Teck,62,1.80,71,2,Marketing Manager,Bachelor,105,Missouri
170,Giraud Fenna,28,1.91,38,5,Product Engineer,Master,63,Pennsylvania
171,Yuri Paddy,36,1.58,38,0,Environmental Specialist,Bachelor,82,Pennsylvania
172,Joel Kulic,34,1.99,69,2,Paralegal,Master,119,Arizona
173,Rosemarie Poultney,26,1.84,82,3,Civil Engineer,PhD,108,Missouri
174,Atlanta Gricks,36,2.00,88,4,Electrical Engineer,PhD,111,Texas
175,Rafa Oakland,63,1.89,38,3,Tax Accountant,Bachelor,98,Florida
176,Brandy Ahlin,29,1.76,40,0,VP Accounting,Bachelor,66,California
177,Dari Cuthbertson,57,1.81,75,3,Account Representative III,Master,98,Kansas
178,Gabi McGeagh,50,1.55,69,1,Assistant Manager,Bachelor,118,Louisiana
179,Jack Gatherer,23,1.59,75,2,Occupational Therapist,PhD,50,Florida
180,Marylou O'Dulchonta,64,1.86,70,4,Accountant I,Master,78,Ohio
181,Pavlov Kenion,66,1.72,67,0,Operator,Bachelor,68,Georgia
182,Laurette Gansbuhler,47,1.62,77,1,Human Resources Assistant III,PhD,51,Mississippi
183,Edik Barrack,48,1.96,49,4,Systems Administrator I,Master,86,California
184,Brittany Sigge,40,1.58,66,0,Automation Specialist II,Bachelor,101,Connecticut
185,Abby Kernan,39,1.81,38,3,Administrative Officer,PhD,68,Missouri
186,Kamila Peegrem,44,1.94,48,5,Research Assistant III,Master,59,Texas
187,Sharlene Sturm,52,1.60,80,3,Sales Associate,PhD,60,Texas
188,Van Muirhead,27,1.92,75,3,Chemical Engineer,Bachelor,67,Pennsylvania
189,Heida Matuska,57,1.70,80,3,Computer Systems Analyst II,PhD,79,Michigan
190,Barde Dennant,46,1.63,86,1,Assistant Media Planner,Bachelor,94,Pennsylvania
191,Elijah Caulfield,54,1.83,81,5,Financial Advisor,Master,64,North Carolina
192,Nadean Harriday,60,1.92,83,5,Physical Therapy Assistant,Master,49,North Carolina
193,Wynn Antuoni,49,1.51,45,4,VP Accounting,Bachelor,101,Florida
194,Rica Blaisdell,26,1.97,73,0,Sales Associate,Master,110,Florida
195,Temp Enderson,64,1.78,82,3,Physical Therapy Assistant,PhD,54,Ohio
196,Nap Ovanesian,20,1.78,84,2,VP Sales,Bachelor,113,California
197,Elsinore Keslake,31,1.82,63,0,Speech Pathologist,Bachelor,74,Texas
198,Vittoria MacGahey,63,1.60,42,1,Paralegal,Bachelor,109,Florida
199,Morie Middlemiss,64,1.71,82,5,Budget/Accounting Analyst IV,Bachelor,111,Nevada
200,Isis Dunderdale,42,1.59,48,4,Internal Auditor,PhD,40,Connecticut
201,Carolina Carder,21,1.65,57,1,Paralegal,PhD,61,Florida
202,Egbert Loomes,59,1.73,54,3,Statistician II,PhD,89,California
203,Mac Simpkin,64,1.59,51,1,Sales Representative,PhD,88,New Jersey
204,Dolf Pitceathly,37,1.66,88,4,Structural Analysis Engineer,Master,73,Texas
205,Raoul Eagleton,34,1.89,70,5,Occupational Therapist,PhD,74,Virginia
206,Hulda Chaimson,44,2.00,85,0,Account Representative IV,PhD,69,Oklahoma
207,Constantina Crippes,18,1.51,74,5,Computer Systems Analyst I,Master,56,Pennsylvania
208,Alexine Bransdon,51,1.63,47,5,Staff Scientist,Bachelor,81,California
209,Yetta Coffelt,49,1.71,88,0,Software Test Engineer IV,Bachelor,41,Alabama
210,Bing Spittall,60,1.55,88,2,Software Engineer II,Bachelor,96,Illinois
211,Jemimah Clerc,38,1.73,89,0,Assistant Manager,Bachelor,88,Georgia
212,Erin Sheehan,51,1.57,54,4,Programmer Analyst III,PhD,57,Florida
213,Loralee Zimmerman,52,1.65,66,1,Assistant Professor,Master,115,Texas
214,Glenden Dockray,30,1.81,41,5,Developer II,Bachelor,101,District of Columbia
215,Kaleena Kluge,20,1.99,63,1,Research Assistant III,Bachelor,46,Illinois
216,Cherey Crampsy,61,1.98,48,5,Data Coordiator,Bachelor,113,Indiana
217,Cleon Symons,67,1.88,85,4,Staff Accountant IV,Bachelor,49,Minnesota
218,Dionysus Gerriessen,57,1.77,74,1,Legal Assistant,Master,92,Virginia
219,Gil Brando,34,1.70,46,4,Sales Associate,PhD,50,Texas
220,Nathanael Poulgreen,43,1.69,40,0,Senior Cost Accountant,PhD,77,Colorado
221,Margery Cordelette,65,1.50,60,2,Sales Associate,Bachelor,104,Oklahoma
222,Gael Maudling,53,1.98,47,5,Automation Specialist III,Bachelor,46,Idaho
223,Herbie Corradetti,24,1.99,81,2,Assistant Media Planner,PhD,72,Texas
224,Kariotta Stirland,28,1.69,59,1,Structural Analysis Engineer,PhD,110,Nevada
225,Berty Hailston,60,1.99,56,1,Design Engineer,Master,42,Kansas
226,Candi Vogelein,35,1.88,69,2,Human Resources Assistant II,Bachelor,61,Missouri
227,Gillian Platts,50,1.70,56,3,Senior Financial Analyst,PhD,117,Alabama
228,Arlyn Sprigg,62,1.91,77,1,Associate Professor,Bachelor,56,Nebraska
229,Valli Temperley,30,1.81,86,5,Electrical Engineer,Master,72,Colorado
230,Nariko Chater,34,1.97,82,4,Structural Engineer,Master,77,West Virginia
231,Leif Sainter,30,1.73,40,3,Geological Engineer,PhD,81,Pennsylvania
232,Sibylle Agate,57,1.57,44,4,Technical Writer,Bachelor,72,California
233,Westbrook Learmond,30,1.91,60,5,Business Systems Development Analyst,Bachelor,94,California
234,Doralia Halliwell,64,1.66,39,2,Associate Professor,PhD,68,Texas
235,Yvon Dumblton,56,1.74,77,2,Technical Writer,Master,88,Alabama
236,Emanuele Mc Comb,40,1.63,56,1,Compensation Analyst,PhD,115,Nevada
237,Gil Skelton,38,1.63,86,5,Research Assistant III,PhD,97,Georgia
238,Emiline McBain,43,1.76,55,3,Human Resources Assistant IV,Bachelor,64,Indiana
239,Alina Shone,52,1.59,71,4,Assistant Media Planner,Bachelor,53,Arizona
240,Katrine Figg,49,1.59,61,5,Structural Engineer,Bachelor,41,Missouri
241,Ashli Janew,40,1.81,47,3,VP Accounting,Bachelor,42,California
242,Jesse Goddert.sf,43,1.56,76,3,Assistant Professor,PhD,119,Georgia
243,Kandy McGennis,53,1.70,44,4,Research Assistant II,Bachelor,77,Texas
244,Tabbie Dovinson,58,1.75,69,3,Sales Associate,Master,41,Louisiana
245,Camile Blackaller,30,1.74,83,1,Assistant Professor,Bachelor,96,Illinois
246,Korney Bugg,37,1.67,54,4,Account Executive,Master,75,Pennsylvania
247,Rodi Balden,45,1.90,46,1,Account Representative II,Master,42,Virginia
248,Celine Hanscome,47,1.54,86,3,Librarian,Master,70,Florida
249,Winona Rawson,33,1.84,87,1,Staff Accountant II,PhD,86,California
250,Maiga Drewes,50,1.66,51,2,Senior Financial Analyst,Master,103,Missouri
251,Sanson Wickersham,25,1.62,81,3,Registered Nurse,PhD,99,California
252,Tallie Petruska,20,1.84,55,3,Product Engineer,PhD,66,Florida
253,Briney Bohea,27,1.69,52,4,VP Sales,Bachelor,58,Oklahoma
254,Chickie Wolsey,63,1.56,45,5,VP Sales,Master,90,West Virginia
255,Richie Banting,66,1.53,61,5,Health Coach III,Master,110,Florida
256,Richy Gounel,27,1.84,64,5,Technical Writer,Bachelor,52,Pennsylvania
257,Udell Bramley,49,1.96,49,1,Sales Representative,Bachelor,81,District of Columbia
258,Leann Thurman,54,1.66,40,3,Nurse,Bachelor,57,Tennessee
259,Niki Caret,65,1.67,53,0,Chief Design Engineer,Bachelor,66,California
260,Shane Stillwell,65,1.77,85,3,Data Coordiator,PhD,113,New Jersey
261,Irena MacIlwrick,22,1.86,55,1,GIS Technical Architect,Master,72,New York
262,Ly McNaught,64,1.99,85,0,Statistician IV,Master,97,Florida
263,Frances Sweetlove,32,1.99,83,2,Financial Analyst,PhD,67,California
264,Renaud Rate,49,1.94,64,5,Actuary,Bachelor,112,Missouri
265,Janka Rodson,35,1.81,76,2,Desktop Support Technician,Bachelor,62,Virginia
266,Moishe Cowpe,28,1.86,53,5,Payment Adjustment Coordinator,PhD,50,Virginia
267,Sean Unsworth,52,1.61,74,3,VP Sales,Bachelor,52,California
268,Griff Armes,21,1.52,69,5,Budget/Accounting Analyst IV,Bachelor,100,Colorado
269,Ennis Parlatt,31,1.77,62,3,Biostatistician III,PhD,98,Tennessee
270,Buffy Kix,25,1.95,71,4,Biostatistician II,Master,56,Ohio
271,Chelsea Hubber,57,1.66,89,3,Assistant Professor,Master,96,Ohio
272,Dru Dugget,30,1.64,54,0,Chief Design Engineer,Master,54,Tennessee
273,Whitby Laweles,62,1.87,63,4,Pharmacist,Master,63,Maryland
274,Lamond Partington,30,1.70,45,1,VP Accounting,Bachelor,45,Texas
275,Lizette Borth,67,1.93,86,1,Data Coordiator,Master,90,Arizona
276,Verile Ianson,31,1.58,39,4,Web Designer III,Master,109,New York
277,Heddi Jadczak,47,1.59,77,4,VP Product Management,Master,103,Oregon
278,Fredrick Morsley,56,1.54,84,3,Community Outreach Specialist,Bachelor,118,Virginia
279,Merl Bloxland,42,1.56,67,3,Cost Accountant,Bachelor,63,District of Columbia
280,Cassie Lampart,32,1.93,59,3,Account Coordinator,Master,100,Michigan
281,Coletta Brockway,27,1.73,69,4,Operator,Master,94,Nebraska
282,Stephanus Kitter,40,1.96,39,2,Research Assistant I,Master,59,Texas
283,Myranda Skates,60,1.84,85,3,Pharmacist,Bachelor,51,Connecticut
284,Nels Outibridge,45,1.96,44,5,Research Associate,PhD,47,New York
285,Lissy Ablett,62,1.96,59,0,Recruiting Manager,Bachelor,100,Iowa
286,Bernhard Saylor,39,1.50,59,0,Social Worker,Bachelor,42,Georgia
287,Rosanna Noore,56,1.72,72,1,Database Administrator III,PhD,108,Ohio
288,Ardelia Lahrs,28,1.86,49,0,Community Outreach Specialist,Master,89,Wisconsin
289,Kareem Elloway,39,1.63,61,2,Graphic Designer,Master,119,California
290,Mariann Sauter,32,1.68,47,5,General Manager,Bachelor,40,Texas
291,Maureen Dillimore,28,1.89,65,4,Nurse,Bachelor,52,Georgia
292,Edita Traise,22,1.75,65,4,Automation Specialist III,PhD,96,Indiana
293,Cathe Dursley,21,1.84,81,3,Structural Engineer,PhD,60,Georgia
294,Wash Benditt,50,1.71,83,1,Information Systems Manager,Bachelor,54,Michigan
295,Venita Skeat,55,1.68,48,3,Marketing Assistant,Master,43,New York
296,Perla Fontell,57,1.71,55,2,Web Designer I,Master,53,Virginia
297,Valli Jolly,46,1.90,82,1,General Manager,PhD,51,North Carolina
298,Francklyn Summerill,22,1.58,81,3,Marketing Assistant,Bachelor,105,Pennsylvania
299,Piper Cracknall,64,1.90,79,1,Software Consultant,Bachelor,102,Texas
300,Corbet Kingett,41,1.96,77,5,Cost Accountant,Master,100,Arizona
301,Rockie St. Leger,47,1.75,88,1,Computer Systems Analyst III,PhD,69,California
302,Brooks McAless,43,1.74,67,3,Environmental Tech,Master,97,District of Columbia
303,Traver Rivaland,43,1.71,72,3,Teacher,Bachelor,95,New York
304,Travers Rivelon,55,1.65,84,2,Senior Cost Accountant,Master,102,Nebraska
305,Henrik MacAnellye,44,1.97,90,2,Account Representative I,Master,41,Hawaii
306,Thorn Kennon,59,1.54,85,3,Social Worker,Bachelor,114,Colorado
307,Travis Cudd,47,1.81,90,2,Assistant Manager,Master,68,Ohio
308,Garey Kilfether,55,1.56,90,3,Geological Engineer,Master,114,Mississippi
309,Eddie Calcut,63,1.99,80,5,Legal Assistant,PhD,43,Florida
310,Josephine Stiff,41,1.78,72,3,Senior Editor,PhD,79,California
311,Rollins Szymonwicz,44,1.89,51,0,Community Outreach Specialist,PhD,88,New York
312,Demetrius Mesias,40,1.95,82,1,Statistician IV,PhD,89,New York
313,Cindie Snodin,67,1.83,52,2,Structural Analysis Engineer,Bachelor,103,Texas
314,Lyon Tellesson,43,1.79,54,3,Structural Engineer,PhD,69,Louisiana
315,Lexine Dannel,36,1.73,48,2,Account Coordinator,Master,52,Texas
316,Salvidor Sheach,43,1.54,88,0,Legal Assistant,PhD,82,West Virginia
317,Erik Babb,44,1.84,75,0,Teacher,Bachelor,64,Maryland
318,Trisha Noke,52,1.54,40,5,Human Resources Manager,PhD,46,Tennessee
319,Ogdon Gumley,23,1.74,90,3,Geological Engineer,Master,99,Texas
320,Cathrin Staniland,61,1.78,88,3,Actuary,PhD,117,Texas
321,Lucienne Halsho,43,1.93,82,1,Engineer IV,Bachelor,65,Indiana
322,Carroll Trammel,26,1.53,89,5,Compensation Analyst,Master,59,Connecticut
323,Minna Kneesha,38,1.75,68,2,Assistant Manager,PhD,47,New York
324,Ronnie East,25,1.68,38,4,Human Resources Assistant II,Master,99,Missouri
325,Jordan Edland,27,1.78,89,3,Software Engineer III,PhD,76,New Mexico
326,Otto Hugnot,37,1.86,51,2,Project Manager,PhD,88,California
327,Karlie Strewthers,26,1.93,90,4,Budget/Accounting Analyst III,Bachelor,78,Pennsylvania
328,Palmer Naptine,34,1.56,56,2,Financial Advisor,PhD,45,Texas
329,Sheri Dallmann,55,1.97,45,5,Senior Cost Accountant,PhD,65,South Carolina
330,Kirby Cranmer,50,1.54,53,3,Structural Analysis Engineer,Bachelor,101,Louisiana
331,Chauncey Cumbes,48,1.79,85,1,General Manager,PhD,90,California
332,Nikolaos Stode,61,1.96,62,1,Project Manager,PhD,92,Illinois
333,Leonerd Simonett,54,1.85,46,1,Account Coordinator,Bachelor,83,New York
334,Roxanna Muncaster,31,1.59,69,2,Developer IV,Bachelor,65,Nevada
335,Celia Dunster,45,1.83,43,0,Senior Sales Associate,Bachelor,94,New York
336,Delly Pude,25,1.71,58,2,Legal Assistant,PhD,77,Florida
337,Collin Severn,57,1.81,85,3,Editor,PhD,112,Alabama
338,Bette Oxnam,46,1.62,51,2,Web Designer III,PhD,66,Florida
339,Andres Sandey,33,1.73,88,1,Food Chemist,Bachelor,88,Louisiana
340,Conrad Strippel,32,1.75,43,0,Occupational Therapist,Bachelor,92,Maryland
341,Koral Coan,55,1.79,55,3,Design Engineer,PhD,68,Alabama
342,Giles Bate,34,1.95,58,2,Geological Engineer,PhD,55,District of Columbia
343,Flint Loukes,56,1.72,81,2,Registered Nurse,PhD,89,California
344,Dody Frampton,56,1.57,74,2,VP Marketing,Bachelor,53,Texas
345,Deloria Gravenell,47,1.91,88,0,General Manager,Master,83,California
346,Cesya MacFaell,26,1.71,82,0,Senior Cost Accountant,PhD,90,Kansas
347,Kikelia Verner,67,1.97,53,1,Financial Analyst,PhD,42,Kentucky
348,Goldarina Zaniolo,35,1.92,66,2,Quality Engineer,Master,109,Texas
349,Rudolph Monaghan,52,1.92,48,1,Nurse Practicioner,Master,53,Virginia
350,Anthe Harhoff,44,1.83,81,0,Librarian,Bachelor,119,Colorado
351,Brendin Bungey,40,1.53,85,5,Assistant Media Planner,PhD,67,Oklahoma
352,Karyl Durban,37,1.73,42,3,Account Representative II,Master,95,Missouri
353,Mendy Itzchaky,54,1.54,80,5,Accounting Assistant III,Bachelor,78,Texas
354,Kore Seery,25,1.70,55,4,Community Outreach Specialist,Master,78,Georgia
355,Pattie Thomlinson,32,1.79,41,2,Payment Adjustment Coordinator,PhD,84,Florida
356,Kenon Pierucci,29,1.54,75,3,Quality Control Specialist,Bachelor,61,New York
357,Stephannie Strathman,46,1.91,58,0,Statistician III,Bachelor,51,Texas
358,Desmond Sissel,28,1.68,87,0,Office Assistant III,Master,84,California
359,Stevana Greguol,65,1.68,42,2,Research Assistant I,PhD,60,Florida
360,Ursula Asson,23,1.97,44,1,Design Engineer,PhD,100,District of Columbia
361,Josias Knapper,64,1.52,56,1,Assistant Media Planner,PhD,53,Illinois
362,Frankie Tiernan,45,1.86,70,0,Human Resources Manager,Master,98,New York
363,Anne-marie Skinner,60,1.69,83,4,Administrative Officer,Bachelor,93,Florida
364,Teresa McElhinney,67,1.69,88,0,Chemical Engineer,PhD,95,Oklahoma
365,Violante Philipsohn,31,1.66,55,5,Payment Adjustment Coordinator,Bachelor,104,Florida
366,Dinah MacNish,63,1.65,46,5,Geologist II,PhD,118,Kansas
367,Eran Quilty,45,1.79,50,3,Financial Advisor,PhD,56,California
368,Gustavus Edgson,63,1.89,61,0,Administrative Assistant III,Master,70,Virginia
369,Ivie Naden,46,1.57,70,0,Senior Editor,Bachelor,107,Texas
370,Perkin Comins,49,1.81,70,4,Food Chemist,Bachelor,74,Arkansas
371,Andeee Chazelle,27,1.99,85,3,Business Systems Development Analyst,PhD,101,South Carolina
372,Syd Beels,33,1.74,70,4,Senior Quality Engineer,Bachelor,111,Oklahoma
373,Rickie Signori,30,1.82,55,2,Research Assistant I,PhD,86,North Carolina
374,Mariana McAughtry,25,1.79,47,4,Assistant Manager,Master,113,Delaware
375,Nichole Birdseye,55,1.98,85,0,Geological Engineer,Bachelor,119,Maryland
376,Ethyl Van Daalen,30,1.92,68,1,Sales Representative,PhD,75,District of Columbia
377,Ferne Salleir,21,1.57,53,2,Web Developer II,PhD,72,Missouri
378,Kalindi Darth,58,1.67,87,1,Chief Design Engineer,PhD,51,New York
379,Witty Blaksley,50,1.90,82,1,Account Coordinator,Master,84,California
380,Kellie Fould,41,1.68,74,0,Accounting Assistant III,PhD,58,New York
381,Binky Skirling,36,1.70,87,0,Statistician III,Bachelor,42,California
382,Audrey Andrasch,53,1.57,50,2,Speech Pathologist,Master,44,Tennessee
383,Viole Wisham,65,1.96,40,0,Structural Engineer,Master,62,Nevada
384,Asa Hullyer,32,1.73,55,5,VP Product Management,PhD,55,Georgia
385,Gabie Measor,31,1.78,72,4,Automation Specialist III,Bachelor,55,Colorado
386,Balduin Neles,49,1.87,79,3,Registered Nurse,Master,52,Tennessee
387,Lyndsay O' Kelleher,49,1.57,59,5,Director of Sales,Master,46,Colorado
388,Darrick Eddicott,62,1.95,90,4,Health Coach I,PhD,56,Texas
389,Babara Burgwyn,22,1.94,39,1,Software Consultant,PhD,78,Florida
390,Alyse Mosdall,51,1.86,70,5,Research Nurse,Bachelor,76,Indiana
391,Jordon Lowseley,37,1.58,56,2,Sales Associate,PhD,69,Florida
392,Teodoor Prendeville,58,1.50,84,3,Junior Executive,PhD,68,Texas
393,Kaye Lantuff,42,1.68,52,4,VP Accounting,Bachelor,84,California
394,Lewes Oswick,30,1.94,66,4,Marketing Assistant,PhD,90,Kansas
395,Robert Scorah,50,1.86,66,0,Technical Writer,Bachelor,106,Pennsylvania
396,Karly Sinderland,40,1.93,89,4,Software Test Engineer IV,Master,103,Kentucky
397,Marylee Fliege,29,1.75,62,3,Professor,Master,71,North Carolina
398,Stormie Cranmere,28,1.99,70,3,Accounting Assistant I,Master,78,Maryland
399,Tad Orable,34,1.55,64,3,Software Test Engineer I,Master,85,Virginia
400,Tabbatha Stango,52,1.88,66,1,Editor,Bachelor,101,Texas
401,Arly Dedney,32,1.70,86,3,Sales Associate,Master,68,California
402,Gabbi Mattimoe,34,1.55,39,1,Speech Pathologist,PhD,62,Texas
403,Annemarie Surman-Wells,54,1.69,89,2,Product Engineer,Master,41,Georgia
404,Marillin Oglesbee,34,1.86,88,3,Budget/Accounting Analyst III,Master,99,Texas
405,Kalil Le Borgne,61,1.94,62,4,Community Outreach Specialist,Bachelor,102,California
406,Doe Mulqueeny,48,1.68,80,1,Electrical Engineer,PhD,72,Indiana
407,Loretta Baselio,37,1.93,44,4,Accounting Assistant III,PhD,95,New York
408,Alonzo Meiner,29,1.61,64,4,Director of Sales,Master,77,Texas
409,Annabelle Sandercroft,65,1.69,54,5,Environmental Specialist,Bachelor,78,Connecticut
410,Farrel Ferns,52,1.88,68,0,Research Nurse,Master,76,Washington
411,Junie Foulcher,51,1.73,68,1,Environmental Tech,Master,95,Idaho
412,Loella Syalvester,19,1.90,57,3,Director of Sales,Bachelor,103,Texas
413,Terri Dallimare,64,1.97,46,3,Payment Adjustment Coordinator,Bachelor,116,California
414,Uriel Coggeshall,44,1.57,38,0,Human Resources Assistant II,Bachelor,53,Missouri
415,Daren Batham,19,1.84,78,0,Sales Representative,Master,57,New Jersey
416,Lidia Widdowfield,22,1.88,66,3,Human Resources Assistant II,Master,68,Texas
417,Jo Grishin,36,1.60,86,0,Registered Nurse,PhD,50,Maryland
418,Tobe Varfalameev,48,1.54,83,4,Senior Editor,PhD,60,Indiana
419,Dalston Rewan,52,1.92,85,0,Physical Therapy Assistant,Bachelor,44,District of Columbia
420,Karalynn Brixey,58,1.99,63,4,Account Executive,PhD,94,New York
421,Fidelia Slade,28,1.81,84,0,Internal Auditor,Master,41,District of Columbia
422,Fayre Chatan,29,1.81,66,3,Automation Specialist IV,PhD,45,New York
423,Esra Atty,55,1.69,71,4,Web Developer II,PhD,69,Georgia
424,Darla Robbey,63,1.69,73,3,Payment Adjustment Coordinator,Master,54,Texas
425,Eddie Kirkup,49,1.61,79,4,Programmer IV,Bachelor,66,Arizona
426,Prudy Wade,46,1.62,62,0,Senior Cost Accountant,Bachelor,90,California
427,Glad Baudinelli,25,1.89,39,0,Software Test Engineer IV,Bachelor,69,Illinois
428,Zachery Arnson,45,1.71,89,3,Environmental Tech,Master,119,Massachusetts
429,Violante Pickover,51,1.89,48,5,Recruiter,Bachelor,92,Virginia
430,Sissie Coll,35,1.67,43,1,Senior Cost Accountant,Master,57,Indiana
431,Alair Gartell,45,1.61,84,1,Senior Developer,Master,112,West Virginia
432,Elfie Mowsdill,66,1.66,64,2,Help Desk Operator,Bachelor,111,Oklahoma
433,Ethelin Bonafant,28,1.51,78,4,Help Desk Operator,PhD,105,Georgia
434,Corney Recke,46,1.72,49,1,Structural Engineer,Master,74,New Hampshire
435,Sergeant Halladey,55,1.81,53,5,Assistant Manager,Bachelor,73,Florida
436,Clarita Balderston,19,1.68,43,0,Compensation Analyst,Master,107,Massachusetts
437,Luciano Birdfield,36,1.85,53,1,Automation Specialist II,Master,64,Maine
438,Beitris Fritche,24,1.85,42,0,Environmental Specialist,PhD,45,North Carolina
439,Fawn Devey,65,1.93,38,2,Associate Professor,PhD,117,Nevada
440,Wilhelmina Harrowsmith,42,1.85,73,3,Tax Accountant,Master,42,California
441,Hilda Emtage,22,1.90,47,3,Analog Circuit Design manager,Bachelor,53,Texas
442,Aurie Klee,58,1.68,51,5,Marketing Manager,PhD,107,Missouri
443,Shanan Youings,31,1.99,49,4,Computer Systems Analyst III,Bachelor,49,California
444,Jacquenetta Swarbrick,60,1.97,38,1,Administrative Officer,Master,70,Texas
445,Marika Harsant,59,1.83,82,4,Speech Pathologist,PhD,94,Virginia
446,Milicent Spurway,30,1.81,75,1,Design Engineer,Master,50,Texas
447,Lorilee Cantera,65,1.82,70,1,Professor,PhD,106,California
448,Whitby O'Fihily,66,1.84,44,4,Software Consultant,Master,59,Alabama
449,Adrienne Hayselden,57,1.84,45,4,Paralegal,PhD,57,District of Columbia
450,Gretchen Fisbey,47,1.51,68,0,Civil Engineer,PhD,113,Colorado
451,Hubey Fortye,24,1.93,38,5,Biostatistician III,Bachelor,56,North Dakota
452,Beltran Tchir,20,1.97,73,0,Web Designer IV,Bachelor,86,Florida
453,Marijn Giacobelli,51,1.64,77,3,Account Executive,PhD,69,California
454,Eugine Blacktin,42,1.55,80,5,General Manager,Bachelor,45,Arizona
455,Kenyon Houldin,54,1.78,84,5,VP Quality Control,Master,73,New York
456,Georgie Giacopetti,21,1.88,45,2,Financial Advisor,Bachelor,112,Florida
457,Kalindi Chadderton,43,1.86,39,2,Tax Accountant,PhD,115,Oklahoma
458,Ruby Ramme,60,1.86,49,4,Assistant Manager,Master,95,Washington
459,West Berresford,63,1.75,82,3,Senior Financial Analyst,PhD,52,West Virginia
460,Konrad Moriarty,49,1.82,58,2,Staff Accountant III,PhD,72,Missouri
461,Durante Dade,60,1.95,82,3,VP Marketing,Bachelor,42,New York
462,Janith Showering,58,1.75,57,2,Civil Engineer,PhD,74,Utah
463,Alis Mouan,47,1.71,72,3,Database Administrator I,Bachelor,56,District of Columbia
464,Frank Spring,60,1.67,82,5,VP Sales,Bachelor,85,Tennessee
465,Linoel Normadell,31,1.86,87,0,Director of Sales,PhD,105,Washington
466,Rodi Lowthian,64,1.84,58,4,Technical Writer,Master,44,District of Columbia
467,Salvatore Jagels,40,1.72,44,2,Registered Nurse,Bachelor,113,Pennsylvania
468,Meghan Christofol,51,1.51,74,4,Project Manager,PhD,59,Texas
469,Hartley MacCartney,59,1.63,42,2,Community Outreach Specialist,PhD,91,Nebraska
470,Renata Abramson,22,1.70,45,3,Social Worker,Bachelor,102,Texas
471,Lorita Corrison,56,1.72,39,5,Mechanical Systems Engineer,Master,44,Indiana
472,Arabella McIvor,28,1.94,81,1,Associate Professor,PhD,50,Texas
473,Tisha Dominique,54,1.77,78,2,Desktop Support Technician,PhD,97,Texas
474,Xylia Montez,34,1.85,79,4,VP Quality Control,Bachelor,98,New York
475,Aurea McGahy,61,1.60,79,5,Research Assistant II,PhD,92,New York
476,Esme Bradburn,32,1.71,39,3,Account Coordinator,Bachelor,82,Maryland
477,Alys Dauber,45,1.77,78,5,Nurse Practicioner,Bachelor,63,Texas
478,Marena Kearle,29,1.77,73,5,VP Product Management,PhD,46,Pennsylvania
479,Gussy Purves,22,1.67,84,5,VP Marketing,Master,71,Florida
480,Rorie Esslement,62,1.82,81,1,Teacher,Bachelor,72,Illinois
481,Baudoin McIlvaney,47,1.62,68,3,Technical Writer,Bachelor,53,Florida
482,Koressa Robben,49,1.91,75,2,Analyst Programmer,PhD,40,Missouri
483,Alvie Giller,25,1.62,88,1,Assistant Media Planner,PhD,89,Oklahoma
484,Noella Woodsford,34,1.78,79,1,Web Designer III,Bachelor,106,Massachusetts
485,Darsie Grimwood,67,1.51,69,0,Human Resources Manager,PhD,94,California
486,Zolly Goulter,35,1.53,62,3,Chief Design Engineer,Bachelor,117,Oregon
487,Mella Semmens,23,1.98,71,2,Editor,PhD,98,Arizona
488,Kathrine Lantiff,65,1.94,83,3,VP Product Management,PhD,48,New York
489,Sydney Guerin,66,1.89,52,5,Analog Circuit Design manager,PhD,68,Pennsylvania
490,Brear Pestell,39,1.61,55,5,VP Product Management,PhD,105,Georgia
491,Elnora Spellard,58,1.97,68,5,Media Manager II,Bachelor,107,Maryland
492,Boyce Child,46,1.57,39,2,Chemical Engineer,Master,109,California
493,Mandi Dressell,65,1.50,62,1,Chemical Engineer,PhD,40,Washington
494,Falito Minerdo,33,1.57,56,4,Research Nurse,Master,119,New York
495,Faulkner Pougher,40,1.78,82,3,Analyst Programmer,Bachelor,68,Tennessee
496,Eugine Kleinfeld,37,1.78,49,4,Recruiting Manager,Bachelor,50,Iowa
497,Xavier Saleway,35,1.81,38,2,Marketing Assistant,PhD,93,Oklahoma
498,Ethan Bradberry,27,1.83,60,1,Administrative Assistant I,PhD,43,North Carolina
499,Elianore Faircliffe,37,1.51,72,0,Director of Sales,Master,99,Virginia
500,Rockie Karpol,59,1.58,55,4,Research Associate,Master,52,Florida
501,Vance Pellant,67,1.88,62,1,Environmental Specialist,Bachelor,102,Louisiana
502,Richart Clacson,64,2.00,79,1,Computer Systems Analyst I,PhD,44,Nebraska
503,Kippie Wackley,22,1.51,40,4,Account Coordinator,PhD,63,North Carolina
504,Thorstein Greenside,25,1.92,78,0,Nurse,Bachelor,77,Alabama
505,Kipp Goard,30,1.73,76,1,Research Assistant II,PhD,81,Washington
506,Myrtia Amiss,62,1.55,59,3,Associate Professor,PhD,90,California
507,Mae Joscelyn,30,1.88,40,0,Senior Developer,Bachelor,65,Michigan
508,Fernanda Macoun,57,1.98,62,3,Health Coach II,PhD,48,Nebraska
509,Georgianna Sebyer,42,1.74,53,4,Director of Sales,PhD,50,Washington
510,Kylie Kinrade,41,1.55,71,2,Developer IV,Master,87,Pennsylvania
511,Bartie Cannon,29,1.62,68,1,Help Desk Operator,Master,117,California
512,Wilden Caron,67,1.83,50,1,Executive Secretary,Master,113,Michigan
513,Douglas Mowsley,50,1.72,53,1,Human Resources Assistant II,Bachelor,68,Georgia
514,Aidan Mackneis,21,1.70,78,3,Product Engineer,Master,46,Washington
515,Arlan Jillings,48,1.83,63,1,Business Systems Development Analyst,Master,87,Minnesota
516,Ursulina Ianelli,28,1.82,67,2,Senior Quality Engineer,Master,90,Louisiana
517,Tamiko Linke,61,1.74,83,1,Compensation Analyst,PhD,117,Louisiana
518,Oswell McPeeters,38,1.55,80,5,VP Marketing,PhD,116,Ohio
519,Karney Tzar,65,1.92,51,1,Statistician II,PhD,46,Alabama
520,Peirce Elstub,53,1.55,62,4,Compensation Analyst,Bachelor,75,Nebraska
521,Beatrice Hugle,51,1.69,66,0,Environmental Specialist,Bachelor,72,Utah
522,Chicky Burris,40,1.63,51,0,Safety Technician III,Bachelor,56,Michigan
523,Douglass Fortoun,24,1.84,69,0,Senior Cost Accountant,Bachelor,68,Tennessee
524,Melonie Rachuig,32,1.81,85,1,Account Executive,Master,109,California
525,Babette Deniske,32,1.55,68,2,Structural Analysis Engineer,Bachelor,42,Missouri
526,Cesar Late,60,1.99,83,5,Nurse Practicioner,Bachelor,84,Indiana
527,Alexia Rameau,49,1.76,48,4,Biostatistician II,Master,113,Texas
528,Hayyim Peirpoint,56,1.66,77,3,VP Accounting,PhD,98,Indiana
529,Brade Meineken,25,1.79,84,0,Programmer III,PhD,78,Pennsylvania
530,Augie McKitterick,26,1.84,50,0,Executive Secretary,PhD,81,Illinois
531,Eddie Leatherland,28,1.56,90,0,Assistant Professor,Bachelor,102,California
532,Meryl Rosenberg,58,1.89,90,4,Automation Specialist IV,Master,107,Alabama
533,Grier Svanetti,47,1.53,90,2,Human Resources Manager,Bachelor,105,Kansas
534,Jerrome Edgar,53,1.86,84,1,Executive Secretary,Bachelor,71,California
535,Seamus Sesons,20,1.56,44,4,GIS Technical Architect,Master,81,New York
536,Odessa Boram,37,1.85,88,0,Community Outreach Specialist,PhD,62,Kansas
537,Johna Nacci,32,1.92,68,2,Social Worker,PhD,74,Indiana
538,Faustine Witchalls,32,1.51,43,1,Mechanical Systems Engineer,PhD,81,Arizona
539,Pauline Matteotti,27,1.68,69,1,Database Administrator IV,Master,56,New York
540,Craggie Whodcoat,28,1.68,51,1,Geological Engineer,PhD,70,Colorado
541,Lin Bondar,55,1.68,53,0,Social Worker,Bachelor,90,California
542,Maxi Chivers,41,1.84,58,0,Help Desk Technician,Bachelor,43,California
543,Hattie Piper,62,1.89,88,2,Cost Accountant,PhD,60,New York
544,Conrad Puddifer,55,1.72,65,5,Geological Engineer,PhD,94,Arizona
545,Bernadine Richardson,58,1.64,50,0,Actuary,Master,80,Alabama
546,Maressa Cattrell,20,1.88,53,5,Chief Design Engineer,PhD,49,Tennessee
547,Kristoffer Pennuzzi,53,1.68,50,1,Desktop Support Technician,Bachelor,88,California
548,Andre Bome,50,1.62,39,4,VP Marketing,Bachelor,81,Texas
549,Jyoti Duffyn,55,1.73,60,2,Help Desk Operator,Bachelor,58,Minnesota
550,Sallyanne Doni,29,1.99,66,5,Health Coach I,PhD,90,California
551,Irving Burroughes,66,1.59,72,2,Recruiter,PhD,66,Texas
552,Riccardo Gianuzzi,30,1.85,50,2,VP Accounting,PhD,110,Florida
553,Filberte Yelland,47,1.63,39,5,Accounting Assistant I,PhD,97,Missouri
554,Tiffani Stainfield,18,1.91,58,4,Programmer I,PhD,114,Georgia
555,Karlis Templar,52,1.76,89,2,Sales Representative,PhD,72,Florida
556,Mufinella Hardington,35,1.78,90,1,Accountant IV,Bachelor,40,Virginia
557,Hamnet Graber,67,1.86,42,4,Human Resources Manager,Bachelor,67,Maryland
558,Ingrim Whatmough,35,1.69,84,1,Junior Executive,Master,96,Florida
559,Yvon Studdard,40,1.96,45,0,Product Engineer,Bachelor,60,Oklahoma
560,Horten Vasyunkin,59,1.82,82,1,Data Coordiator,Bachelor,43,Kansas
561,Gladys Aguilar,42,1.65,41,4,Web Designer I,Bachelor,63,New York
562,Dulcinea Dignum,65,1.80,63,2,Engineer IV,Master,62,Pennsylvania
563,Serge Calderonello,58,1.90,63,0,Assistant Professor,PhD,98,California
564,Deanne Bernollet,30,1.94,66,2,Research Assistant II,Master,47,Florida
565,Cacilie Filgate,38,1.99,85,2,Senior Quality Engineer,Master,111,New York
566,Mariska McCritchie,67,1.97,68,0,Accountant III,Master,55,California
567,Jolyn Codeman,35,1.86,76,2,Software Test Engineer III,Bachelor,65,Indiana
568,Jarad Couper,41,1.70,64,5,Executive Secretary,Bachelor,98,Ohio
569,Gloria Clarabut,62,1.78,74,2,Physical Therapy Assistant,PhD,50,Virginia
570,Case Bage,35,1.55,83,3,Physical Therapy Assistant,Master,57,California
571,Kynthia Drain,27,1.85,78,3,Librarian,PhD,92,Michigan
572,Dolley Jarmyn,41,1.86,88,3,Recruiting Manager,Master,46,Minnesota
573,Helga Hawtry,33,1.94,63,5,Structural Engineer,Master,67,Massachusetts
574,Benedicto Genthner,39,1.52,80,5,Clinical Specialist,PhD,91,New York
575,Rasla Costelow,60,2.00,68,4,Staff Accountant IV,Master,104,New York
576,Ilsa MacNeice,47,1.71,60,5,Senior Sales Associate,PhD,98,Nevada
577,Riannon Ledwith,36,1.69,87,1,Environmental Specialist,Master,98,Texas
578,Nichols Nevinson,34,1.68,64,3,Director of Sales,Master,45,North Carolina
579,Manya Grinstead,28,1.53,71,2,VP Marketing,Bachelor,78,Illinois
580,Lira Conor,20,1.62,72,3,Financial Advisor,PhD,119,Nevada
581,Tremayne De la Harpe,48,1.78,60,1,Systems Administrator II,Master,79,Colorado
582,Fallon Westlake,40,1.78,53,4,Statistician II,Bachelor,67,Wisconsin
583,Paloma Mauro,30,1.99,60,5,Speech Pathologist,PhD,89,Missouri
584,Melosa Vallerine,67,1.95,46,0,Environmental Specialist,Bachelor,119,Ohio
585,Jae Wemes,30,1.62,50,2,Civil Engineer,Bachelor,96,Delaware
586,Dennet Bencher,42,1.51,47,5,Assistant Professor,Bachelor,116,Texas
587,Ike Currier,63,1.72,70,5,Marketing Assistant,Master,90,Arkansas
588,Dieter Mazzey,46,1.88,40,2,Data Coordiator,Master,98,Texas
589,Suellen Amoore,47,1.68,85,3,Senior Quality Engineer,Bachelor,100,Michigan
590,Penny Attawell,67,1.59,38,0,Automation Specialist II,Master,79,Maryland
591,Aubert Battyll,50,1.86,47,0,Structural Analysis Engineer,Master,106,Arizona
592,Laureen Campione,22,1.84,77,5,Help Desk Technician,PhD,51,Texas
593,Reilly Patriche,24,1.62,64,4,Desktop Support Technician,Master,90,Florida
594,Cass Itzcovich,27,1.55,52,5,Research Associate,Master,91,Ohio
595,Reilly Grassin,58,1.56,85,3,VP Quality Control,Bachelor,54,Colorado
596,Wilhelmine Calladine,39,1.75,58,5,Financial Advisor,Master,106,Colorado
597,Rem Ghio,23,1.82,72,3,VP Product Management,Master,60,California
598,Langston Brister,47,1.84,69,3,Geologist I,PhD,61,Ohio
599,Kerwin Tessyman,48,1.99,48,5,Accountant III,Master,92,Tennessee
600,Barnabas Lambol,45,1.71,38,1,Pharmacist,Bachelor,99,Idaho
601,Genna Screech,18,1.63,68,3,Occupational Therapist,PhD,42,Ohio
602,Doralynn Pumphreys,38,1.80,49,4,GIS Technical Architect,Master,103,Texas
603,Moshe Heskey,32,1.89,89,5,Administrative Assistant I,Bachelor,110,California
604,Ravi Frounks,35,1.92,65,3,Software Consultant,Master,50,Florida
605,Mischa Klimshuk,25,1.54,84,0,Senior Editor,Master,69,Kansas
606,Sarine Lestor,61,1.80,79,1,Structural Engineer,PhD,108,California
607,Monroe Girod,44,1.92,42,1,Dental Hygienist,Bachelor,74,Maryland
608,Ofella Lammerding,24,1.68,43,5,Geological Engineer,Master,69,Ohio
609,Conny Erskine Sandys,28,1.91,45,5,Junior Executive,PhD,87,Minnesota
610,Gilli Radnedge,59,1.70,75,0,Pharmacist,PhD,113,District of Columbia
611,Bili Ivel,33,1.74,67,2,Design Engineer,Master,88,Missouri
612,Darlleen Littlemore,34,1.70,81,0,Actuary,PhD,93,Louisiana
613,Deena Giorgione,35,1.81,69,2,Quality Control Specialist,Master,59,Florida
614,Ezekiel Stollman,59,1.60,41,5,Computer Systems Analyst III,PhD,119,Missouri
615,Dave Orae,61,1.98,49,2,Programmer Analyst I,Master,72,Tennessee
616,Asia MacClure,40,1.68,70,0,Electrical Engineer,Master,112,New York
617,Frederich Handmore,53,1.86,63,2,Office Assistant IV,Bachelor,45,Washington
618,Murray Tink,44,1.73,90,3,Administrative Assistant I,Master,58,South Carolina
619,Elijah Stronge,55,1.54,65,5,Geological Engineer,Bachelor,109,California
620,Elias Rogeron,60,1.54,44,1,Analyst Programmer,PhD,77,South Carolina
621,Thornton Parkman,67,1.88,73,5,Project Manager,Bachelor,80,Texas
622,Guss Wyldes,27,1.85,64,1,Software Consultant,Bachelor,93,Pennsylvania
623,Matelda Callum,54,1.88,38,3,Financial Advisor,PhD,107,Virginia
624,Daisie Ganford,36,1.73,68,2,Safety Technician IV,Bachelor,113,Texas
625,Lanie Pinnick,26,1.67,46,4,Research Associate,Bachelor,63,California
626,Robbert Guiot,27,1.63,74,1,Help Desk Technician,Bachelor,56,Alaska
627,Killie Hegerty,58,1.74,80,1,Quality Engineer,PhD,117,Mississippi
628,Aubree Beamson,41,1.70,75,1,Structural Analysis Engineer,Master,112,South Carolina
629,Giff Abbey,39,1.58,42,5,Web Developer I,Master,81,Minnesota
630,Nikaniki Sopper,56,1.52,71,4,Analyst Programmer,Master,49,Washington
631,Morissa Maydway,59,1.75,87,2,Accounting Assistant III,Master,66,Louisiana
632,Bron Kenyon,31,1.92,82,4,Software Engineer III,Bachelor,71,Wisconsin
633,Arie Mc Caghan,20,1.72,65,5,Geological Engineer,PhD,92,Georgia
634,Norman Halsted,19,1.50,42,0,Account Coordinator,Master,84,Colorado
635,Cathrine McGiffin,26,1.77,55,1,Budget/Accounting Analyst IV,Master,46,Tennessee
636,Sonnie Challes,47,1.93,49,0,Quality Control Specialist,Master,105,Florida
637,Saul Clinton,65,1.85,79,1,Database Administrator IV,PhD,55,Oklahoma
638,Haroun Proud,33,1.53,52,1,Data Coordiator,Bachelor,81,District of Columbia
639,Dale Von Salzberg,18,1.79,72,0,Paralegal,Master,55,Virginia
640,Cheryl Riddiough,47,1.50,53,1,Quality Control Specialist,Master,96,California
641,Pepito Chin,43,1.59,76,4,Marketing Manager,Master,44,Texas
642,Dee dee McDuffie,51,1.60,86,3,Senior Editor,Bachelor,112,Georgia
643,Farah Tebbett,48,1.79,42,3,Assistant Media Planner,Bachelor,59,Pennsylvania
644,Maryanna Piche,44,1.63,50,3,Biostatistician IV,Master,64,Maryland
645,Goddard Benkin,37,1.87,60,5,Assistant Media Planner,Master,80,West Virginia
646,Faustine Gronow,19,1.71,40,4,Structural Analysis Engineer,Bachelor,73,Oklahoma
647,Jacqueline Hardin,62,1.56,56,0,Health Coach IV,PhD,84,Texas
648,Webster Dahill,55,1.76,72,3,Assistant Professor,Bachelor,120,Pennsylvania
649,Elias Peplay,45,1.69,40,4,Software Test Engineer III,PhD,93,Missouri
650,Tye Corinton,65,1.73,41,4,Nuclear Power Engineer,Bachelor,100,California
651,Dulci Biswell,63,1.53,59,2,Systems Administrator IV,PhD,76,Ohio
652,Alyss Anscott,62,1.81,65,2,Safety Technician IV,PhD,90,Michigan
653,Mahala Brimblecombe,42,1.68,41,3,Executive Secretary,PhD,41,Illinois
654,Reinhard Pellew,39,1.91,80,1,Actuary,Bachelor,118,South Dakota
655,Manfred Edes,57,1.81,44,3,Librarian,Master,94,Florida
656,Querida Whickman,65,1.71,43,0,Nurse Practicioner,Bachelor,103,California
657,Starr Kleine,42,1.51,41,2,Payment Adjustment Coordinator,Bachelor,108,Georgia
658,Juli Debenham,56,1.76,45,5,Mechanical Systems Engineer,Bachelor,77,Arizona
659,Monro Padbery,58,1.87,71,1,Legal Assistant,PhD,48,Texas
660,Paddie Yeardley,23,1.91,64,3,Product Engineer,PhD,120,Virginia
661,Bogart Winspare,54,1.96,52,2,Electrical Engineer,Master,87,Colorado
662,Veronika Ayscough,51,1.53,64,5,Business Systems Development Analyst,Bachelor,90,Arizona
663,Nicol Scoyles,34,1.51,38,2,Assistant Professor,Master,109,Texas
664,Ginger Cucinotta,28,1.53,63,5,Web Designer II,Bachelor,41,Colorado
665,Stillmann Dillinger,42,1.55,87,3,Account Representative II,PhD,107,Oklahoma
666,Cassie Carley,50,1.77,42,2,Statistician II,PhD,112,District of Columbia
667,Jennine Androlli,44,1.69,56,2,Sales Associate,PhD,95,Tennessee
668,Zonda Pullman,43,1.61,46,5,Assistant Professor,Master,119,Tennessee
669,Bernardina Jirsa,37,1.59,45,3,Senior Cost Accountant,PhD,41,Oregon
670,Bart Gotecliffe,34,1.55,56,0,Assistant Manager,Master,114,Kentucky
671,Marcellus Knutsen,24,1.83,59,3,Senior Quality Engineer,Master,108,California
672,Ray Casado,28,1.71,45,4,Chemical Engineer,Master,46,Michigan
673,Leia Bessey,40,1.85,78,4,Human Resources Manager,Bachelor,50,Texas
674,Gabby Catton,46,1.96,41,4,Environmental Specialist,Master,52,Nevada
675,Aristotle Possell,49,1.91,79,4,Information Systems Manager,Bachelor,115,Texas
676,Bryn Cardus,37,1.86,50,2,Environmental Tech,Master,64,New Jersey
677,Francisca Antusch,60,1.59,89,0,Safety Technician II,PhD,118,New York
678,Griffy Wittleton,25,1.83,83,4,Account Representative IV,Bachelor,91,Virginia
679,Rosemarie Richfield,37,1.76,81,2,Biostatistician II,Master,43,Florida
680,Welch Tchir,54,1.66,65,0,Recruiter,PhD,84,Delaware
681,Shanna MacDavitt,52,1.85,41,3,Chemical Engineer,PhD,69,District of Columbia
682,Glynnis Rean,63,1.79,63,5,Recruiting Manager,Bachelor,77,Illinois
683,Tania Verchambre,41,1.59,82,0,Librarian,Master,98,Florida
684,Orland Ilyuchyov,58,1.51,40,2,Analog Circuit Design manager,Bachelor,69,Florida
685,Normy Chritchley,24,1.86,84,3,Quality Control Specialist,PhD,94,Washington
686,Grazia Rudinger,62,1.67,72,2,Actuary,Master,87,Colorado
687,Baily Keogh,54,1.88,71,2,Accountant III,Bachelor,96,Massachusetts
688,Alistair Smalley,42,1.67,64,3,Programmer IV,Master,96,Oklahoma
689,Katherina Baldick,66,1.68,78,1,Geologist I,Bachelor,112,New York
690,Paola Andric,33,1.83,89,2,VP Quality Control,PhD,78,Illinois
691,Rhonda Andrin,58,1.68,48,2,Senior Editor,PhD,71,Texas
692,Anna-diana Swynley,39,1.67,60,0,Chief Design Engineer,PhD,105,Pennsylvania
693,Adelaide Wadie,63,1.64,80,2,Research Assistant I,Bachelor,79,Pennsylvania
694,Carmelina Lortz,46,1.75,64,0,Assistant Media Planner,Bachelor,56,District of Columbia
695,Marijn Fullicks,48,1.98,77,3,Geological Engineer,PhD,70,Texas
696,Cinderella Cragell,20,1.99,41,0,Computer Systems Analyst II,Master,93,Texas
697,Boonie Butt Gow,50,1.92,78,2,VP Quality Control,PhD,96,Ohio
698,Del Salling,34,1.93,79,2,Electrical Engineer,Master,61,Florida
699,Bond Trood,63,1.76,80,2,Web Designer IV,Master,81,Oklahoma
700,Wynnie Starking,42,1.92,44,0,Registered Nurse,PhD,113,Pennsylvania
701,Elmore Bruford,41,1.65,62,0,Software Test Engineer I,Master,84,Nevada
702,Chev Dudlestone,42,1.99,49,5,Account Coordinator,Bachelor,49,Pennsylvania
703,Crista Giral,39,1.61,58,0,Assistant Professor,PhD,41,Pennsylvania
704,Phil Monahan,59,1.55,40,5,Computer Systems Analyst II,Bachelor,63,California
705,Mischa Hubbocks,64,1.76,59,0,Civil Engineer,PhD,43,Illinois
706,Brice Keaves,34,1.95,90,2,Software Engineer I,Bachelor,96,Minnesota
707,Allin Beardsdale,49,1.52,85,4,Electrical Engineer,Master,120,Michigan
708,Valerye Kirwin,56,1.69,76,3,Chemical Engineer,PhD,92,Wisconsin
709,Luz Baguley,22,1.76,40,0,Automation Specialist I,Master,69,Arkansas
710,Annabal Tighe,66,1.60,82,5,Financial Advisor,Bachelor,92,Florida
711,Lovell Lenchenko,67,1.75,78,3,Safety Technician III,Master,69,Florida
712,Querida Ginnell,30,1.73,71,5,Biostatistician I,Master,52,Connecticut
713,Whit Ginity,25,1.88,41,4,Desktop Support Technician,Master,51,Missouri
714,Jolee Tidy,63,1.56,60,5,Graphic Designer,PhD,82,Georgia
715,Hi Trunks,40,1.76,54,5,Internal Auditor,PhD,109,Pennsylvania
716,Delores Possel,45,1.75,74,3,Cost Accountant,Master,63,Massachusetts
717,Shane Frowen,59,1.51,51,5,Speech Pathologist,Bachelor,78,Michigan
718,Care Branigan,52,1.88,46,3,Help Desk Operator,Master,84,Texas
719,Yelena Stanlack,25,1.74,71,5,Analyst Programmer,Bachelor,74,Missouri
720,Tybalt Lindores,66,1.51,43,3,Staff Accountant III,Master,104,California
721,Dorthea Shotter,31,1.72,83,0,Administrative Officer,Master,96,District of Columbia
722,Melanie Brothers,24,1.71,57,3,Mechanical Systems Engineer,Bachelor,59,California
723,Prentiss Laroze,28,1.62,62,2,Junior Executive,PhD,120,Virginia
724,Shawnee Maryet,54,1.73,74,1,Nurse,PhD,46,Florida
725,Reese Railton,28,1.93,62,5,Engineer III,Master,78,Colorado
726,Jeremy Petticrew,39,1.76,51,2,Teacher,PhD,80,Florida
727,Bren Partridge,44,1.63,78,5,Staff Scientist,Master,69,Arizona
728,Diandra Derycot,32,1.57,53,0,Senior Quality Engineer,Master,93,Minnesota
729,Caroljean Burnip,50,1.87,89,1,Information Systems Manager,PhD,113,Washington
730,Jacklyn Rubinow,39,1.62,88,5,Senior Quality Engineer,Bachelor,93,California
731,Cherin Wherrett,47,1.92,76,3,Professor,Master,78,New York
732,Wheeler Navan,56,1.56,44,5,Health Coach I,Bachelor,70,New Jersey
733,Kain Van Dalen,39,1.81,42,3,General Manager,Master,79,Georgia
734,Trisha McIntee,20,1.92,89,3,Account Representative III,PhD,59,Pennsylvania
735,Lari Mandy,42,1.71,45,4,Business Systems Development Analyst,PhD,114,Nevada
736,Rodge Callaghan,54,1.96,69,1,Senior Editor,Bachelor,48,Alabama
737,Cati Mochan,59,1.62,61,1,Pharmacist,PhD,61,Nevada
738,Berkley Livesley,28,1.84,76,1,Assistant Manager,PhD,62,Florida
739,Eli Godard,24,1.64,41,1,Professor,PhD,48,Wisconsin
740,Sibyl Beiderbecke,46,1.70,87,5,Account Executive,Master,55,Pennsylvania
741,Karita Kynson,58,1.73,81,3,VP Marketing,Bachelor,116,Texas
742,Ammamaria Yearnes,42,1.91,86,0,Civil Engineer,Master,83,Ohio
743,Gabriel Verbrugghen,48,1.86,42,3,VP Product Management,PhD,60,Florida
744,Missie Le Merchant,33,1.88,50,1,Marketing Assistant,PhD,109,Louisiana
745,Ania Gowdridge,50,1.70,88,3,Analyst Programmer,Master,100,Illinois
746,Bar Sherwen,37,1.76,65,1,Speech Pathologist,PhD,74,Hawaii
747,Nicolina Youings,63,1.68,82,0,Financial Advisor,Bachelor,69,Florida
748,Kerstin Hulke,21,1.69,62,5,Quality Control Specialist,Master,92,Connecticut
749,Sharai Diglin,18,1.68,75,5,Quality Engineer,PhD,94,South Carolina
750,Far Felstead,34,1.79,79,5,Financial Analyst,PhD,81,Oregon
751,Zedekiah Rzehorz,35,1.98,49,0,Analyst Programmer,Master,64,Florida
752,Joachim Silmon,66,1.60,89,1,VP Marketing,Bachelor,73,Indiana
753,Randall Blaskett,49,1.66,84,3,Biostatistician I,Master,86,Kentucky
754,Andi Noriega,41,1.84,89,4,Product Engineer,PhD,81,Iowa
755,Florette Ciccarello,58,1.76,85,0,Civil Engineer,Bachelor,58,Texas
756,Agustin Geertz,27,1.65,38,0,Marketing Manager,Master,50,Connecticut
757,Tawnya Cunnell,39,1.91,58,2,Web Developer I,Master,68,Colorado
758,Liana Jados,54,1.72,55,0,Staff Scientist,Bachelor,65,Texas
759,Jerry Flannery,26,1.76,50,1,Technical Writer,Bachelor,69,New York
760,Colly Jagoe,24,1.63,54,3,Statistician III,Bachelor,113,Florida
761,Cammy Eberle,40,1.84,52,1,Financial Advisor,Master,62,Florida
762,Kain Wyldish,39,1.61,49,1,Food Chemist,Master,120,Georgia
763,Trumaine Torricina,64,1.89,78,1,Dental Hygienist,Master,103,Tennessee
764,Verney Carruth,58,1.65,52,5,Sales Associate,PhD,79,Pennsylvania
765,Ayn Claessens,31,1.82,72,0,Chief Design Engineer,Master,103,Florida
766,Fritz Capener,23,1.97,40,0,Accounting Assistant II,PhD,53,Alabama
767,Dexter Klaesson,56,1.87,40,4,Senior Quality Engineer,PhD,82,Iowa
768,Pernell Gyenes,65,1.94,72,1,Statistician IV,PhD,67,Michigan
769,Callie Meekings,26,1.71,43,3,Executive Secretary,Bachelor,72,Minnesota
770,Lane Seckom,43,1.77,62,2,Librarian,Bachelor,78,North Carolina
771,Arley Heggs,63,1.60,54,3,Web Designer I,Bachelor,117,Virginia
772,Josh Rappa,56,1.53,50,3,Research Nurse,PhD,88,Alabama
773,Andres L'argent,22,1.75,44,5,Design Engineer,Bachelor,92,District of Columbia
774,Ryun Baumber,50,1.91,82,5,Professor,Master,92,Florida
775,Idalina Wareham,44,1.91,50,4,Registered Nurse,PhD,62,Wisconsin
776,Raviv Signore,35,1.63,81,0,Software Consultant,Bachelor,77,Oregon
777,Roderich Damiral,66,1.83,57,5,Design Engineer,Master,45,California
778,Sioux Mauditt,41,1.78,44,2,Research Associate,PhD,46,Ohio
779,Austin Gillson,66,1.58,89,4,Financial Analyst,Master,117,District of Columbia
780,Wolfgang Peregrine,24,1.63,90,5,Registered Nurse,Master,73,Nevada
781,Reine Goneau,30,1.72,50,1,Environmental Tech,Master,95,Ohio
782,Aron Javes,20,1.71,73,4,Tax Accountant,PhD,103,Wisconsin
783,Brock Danilovich,27,1.94,39,1,Recruiting Manager,Master,106,Montana
784,Janetta Barrable,38,1.88,65,2,Actuary,Master,107,New York
785,Byran Illing,42,1.61,39,1,Staff Scientist,Master,107,South Carolina
786,Delbert Healks,51,1.52,58,0,Graphic Designer,Bachelor,52,West Virginia
787,Vite Portchmouth,43,1.70,62,5,Occupational Therapist,Bachelor,68,Nebraska
788,Bart Hopkynson,20,1.78,55,3,Project Manager,PhD,118,Tennessee
789,Rivkah Devitt,59,1.65,51,3,Software Engineer I,Bachelor,117,Missouri
790,Joela Hemphill,43,1.70,43,0,VP Sales,Master,82,Connecticut
791,Minta Idel,60,1.83,75,4,Environmental Specialist,Master,105,California
792,Waylan Dik,50,1.57,64,2,Help Desk Technician,PhD,82,North Carolina
793,Raffarty Kneafsey,54,1.98,51,1,Junior Executive,Master,74,California
794,Dario Langdale,66,1.87,48,1,Health Coach IV,Master,41,California
795,Edwin Hold,63,1.61,75,3,Account Representative II,Bachelor,93,Texas
796,Timi Cossins,29,1.58,70,1,Account Representative III,PhD,81,District of Columbia
797,Ashla Rudeyeard,20,1.93,77,1,GIS Technical Architect,PhD,78,New Mexico
798,Ekaterina Vater,54,1.69,72,1,Software Engineer II,PhD,87,Alabama
799,Ross Karpushkin,30,1.65,90,2,Civil Engineer,PhD,71,Texas
800,Husain Lismer,18,1.76,58,2,Software Test Engineer I,Bachelor,59,California
801,Gwyneth Illston,19,1.56,55,4,Analyst Programmer,Master,57,Louisiana
802,Cammi Haggata,27,1.65,49,2,Recruiting Manager,PhD,90,Illinois
803,Nessa Cleyne,56,1.63,79,3,Senior Quality Engineer,PhD,56,Texas
804,Torrey Assur,59,1.67,40,2,Developer IV,Master,40,Virginia
805,Fransisco Quinney,23,1.73,81,5,VP Accounting,Master,70,Texas
806,Pippo Laxen,40,1.80,87,3,Media Manager I,PhD,95,Alabama
807,Christy Cubberley,66,1.72,63,1,Sales Representative,PhD,95,Kansas
808,Blinni Ivanilov,30,1.63,48,2,Senior Financial Analyst,PhD,60,Texas
809,Lincoln Chessell,47,1.67,41,2,Senior Editor,Master,61,California
810,Philippine Collicott,30,1.95,43,4,Paralegal,Master,119,California
811,Josephine Benardeau,19,1.52,52,2,Business Systems Development Analyst,Bachelor,97,Indiana
812,Bevin Labitt,23,1.69,49,2,Structural Engineer,Master,76,South Carolina
813,Dorisa Spykings,39,1.82,47,0,Administrative Assistant IV,PhD,58,Minnesota
814,Merrily Hammand,39,1.95,41,2,Environmental Specialist,PhD,85,Florida
815,Anders Cramb,21,1.52,52,2,Quality Control Specialist,Master,92,Pennsylvania
816,Merilyn Damant,24,1.65,60,3,Help Desk Operator,Bachelor,40,Indiana
817,Lishe Grovier,62,1.84,51,3,Staff Accountant IV,Master,92,Arizona
818,Quintina Straw,37,1.89,70,5,Database Administrator I,Bachelor,55,Texas
819,Rosana Cabel,36,1.56,76,2,Associate Professor,Master,56,District of Columbia
820,Ange Feaviour,49,1.56,62,5,Community Outreach Specialist,Master,55,Oregon
821,Camey McMichael,59,1.96,84,4,Help Desk Operator,PhD,91,Louisiana
822,Ferguson Arthur,47,1.86,66,1,Payment Adjustment Coordinator,Master,104,Colorado
823,Tomkin Klement,33,1.59,43,5,Tax Accountant,PhD,69,Texas
824,Keri Volonte,36,1.52,84,2,Systems Administrator II,Master,112,California
825,Nathalie Chimenti,40,1.84,80,1,Design Engineer,PhD,65,Kansas
826,Gustie Assiter,44,1.98,75,3,Chief Design Engineer,Bachelor,100,Michigan
827,Creigh Stainfield,31,1.83,48,2,Financial Advisor,Bachelor,75,Wisconsin
828,Burtie Hunton,20,1.53,46,0,Cost Accountant,PhD,100,New Jersey
829,Ali Warret,23,1.66,69,3,Senior Editor,PhD,119,South Dakota
830,Dianne Riccione,20,1.97,43,3,Biostatistician IV,Master,120,Illinois
831,Daniella Morena,41,1.57,42,0,Staff Accountant I,PhD,59,Georgia
832,Helena Belli,18,1.62,67,0,Internal Auditor,PhD,72,Connecticut
833,Kiel Ewens,19,1.51,83,3,Physical Therapy Assistant,Bachelor,112,Alabama
834,Brandice Duckit,29,1.99,69,2,Registered Nurse,Master,113,Ohio
835,Sophi Fass,23,1.73,87,5,Quality Control Specialist,Master,44,Texas
836,Hube Willans,53,1.65,55,3,Chemical Engineer,Bachelor,86,Nebraska
837,Wendi Bletsor,41,1.72,86,3,Community Outreach Specialist,Bachelor,82,New York
838,Akim Castagneto,60,1.74,77,3,Structural Analysis Engineer,PhD,88,New York
839,Katti Chetwin,40,1.78,69,2,VP Sales,Bachelor,82,Texas
840,Micky Bortolini,19,1.66,61,5,Legal Assistant,PhD,118,District of Columbia
841,Vidovic Hakeworth,49,1.72,78,0,Help Desk Technician,Bachelor,100,Ohio
842,Cornall Joney,30,1.84,43,5,Structural Analysis Engineer,Master,82,Virginia
843,Alvin Souten,58,1.93,46,4,Social Worker,Master,42,Texas
844,De witt Redmayne,25,1.90,48,4,VP Quality Control,Bachelor,116,Texas
845,Leigha Aloshikin,18,1.88,90,4,Occupational Therapist,Bachelor,62,Arkansas
846,Ewell Klassmann,42,1.71,72,4,Human Resources Assistant II,Master,64,Colorado
847,Donal Ingleby,48,1.62,54,2,Senior Financial Analyst,PhD,100,Maryland
848,Birch Garie,53,1.78,69,2,Administrative Assistant I,Bachelor,115,Georgia
849,Jinny Pohlke,55,1.59,45,0,Software Engineer II,PhD,51,New Jersey
850,Mellie Twelves,62,1.65,50,2,Senior Developer,Bachelor,84,Michigan
851,Lief Alvey,34,1.87,53,5,Payment Adjustment Coordinator,PhD,119,West Virginia
852,Gerladina Gamlyn,65,1.90,52,2,Senior Developer,PhD,104,Alabama
853,Terry Stronough,36,1.93,54,5,Assistant Media Planner,PhD,47,Idaho
854,Allix Robottom,51,1.63,61,0,Geologist I,Master,80,Maryland
855,Ag Thaxter,62,1.93,52,2,Staff Accountant I,PhD,62,Alabama
856,Greggory Hinkins,51,1.88,77,3,Executive Secretary,Master,70,Florida
857,Sara Aleksankin,36,1.76,75,2,Assistant Manager,PhD,108,California
858,Matthias Pau,28,1.90,53,1,Occupational Therapist,Bachelor,109,Oklahoma
859,Doreen Swindles,23,1.88,59,1,Community Outreach Specialist,PhD,103,Mississippi
860,Sergei Varnam,45,1.99,46,2,Paralegal,Master,96,Georgia
861,Rogerio Fake,56,1.71,48,0,Speech Pathologist,Bachelor,63,Florida
862,Farlie Strawbridge,35,1.91,59,3,Nurse,PhD,57,Texas
863,Maren Scola,38,1.56,85,2,General Manager,PhD,59,North Carolina
864,Alejoa Skurm,27,1.88,84,1,Electrical Engineer,Master,116,Indiana
865,Erina Smowton,30,1.79,72,1,Librarian,Bachelor,100,Michigan
866,Vachel Stoggles,48,1.85,63,1,Civil Engineer,PhD,108,North Carolina
867,Sascha Abrahamsson,50,1.62,41,4,Biostatistician I,Bachelor,40,New York
868,Bellina Coghlin,43,1.57,38,0,Safety Technician II,Bachelor,65,California
869,Sully Clutten,46,1.93,74,2,Senior Editor,Bachelor,40,Missouri
870,Gene Shelliday,40,1.88,55,5,Environmental Tech,Master,90,Mississippi
871,Anselm Oldman,61,1.97,62,1,Graphic Designer,Bachelor,49,Arizona
872,Ag Rosebotham,50,1.66,49,3,Environmental Tech,Master,92,Kansas
873,Charmane Ubsdale,64,1.72,68,0,Design Engineer,Bachelor,95,South Carolina
874,Cammie Darwood,22,1.51,79,0,Staff Accountant I,Master,58,Mississippi
875,Lu Fincher,28,1.52,89,5,Actuary,Bachelor,68,Texas
876,Johannes Smowton,56,1.74,53,2,Safety Technician II,Bachelor,77,Minnesota
877,Dirk Guyet,65,1.76,89,3,Programmer Analyst I,PhD,113,New York
878,Wilfrid Sneezum,25,1.94,58,2,Physical Therapy Assistant,Bachelor,102,Illinois
879,Sheppard Bayless,35,1.69,50,5,Senior Financial Analyst,Bachelor,118,Texas
880,Joceline Conradsen,41,1.66,47,0,Actuary,Bachelor,69,Florida
881,Alberik Rapa,19,1.77,41,4,Legal Assistant,PhD,82,Michigan
882,Charlot Auger,49,1.74,71,4,Occupational Therapist,PhD,109,Nevada
883,Agata Groll,18,1.78,54,1,Geologist II,PhD,54,Florida
884,Phyllis Strivens,60,1.84,80,5,Paralegal,PhD,68,Texas
885,Allie Prestidge,22,1.97,64,2,Nuclear Power Engineer,Master,66,New York
886,Giulio Antonsson,23,1.94,50,0,Software Consultant,PhD,113,Alabama
887,Rudiger Farady,36,1.89,43,2,Automation Specialist IV,PhD,94,District of Columbia
888,Catlee Pykerman,36,1.51,88,1,Statistician II,PhD,112,California
889,Tammie MacAlroy,22,1.79,64,3,Safety Technician II,Master,74,Texas
890,Tarra Mansel,49,1.52,71,5,Marketing Assistant,Bachelor,51,Ohio
891,Otha McNickle,40,1.90,38,3,Environmental Specialist,Master,57,Indiana
892,Martin Levine,38,1.99,80,1,Desktop Support Technician,PhD,89,South Carolina
893,Holli Russi,29,1.56,46,5,Recruiter,PhD,53,West Virginia
894,Buiron Eloi,22,1.58,53,5,Quality Control Specialist,Bachelor,81,Alaska
895,Zia Daoust,40,1.72,83,5,Editor,Bachelor,117,Massachusetts
896,Amandy Triner,33,1.83,75,2,VP Quality Control,Bachelor,91,Alabama
897,Chrystal Woonton,18,1.72,51,5,Executive Secretary,Bachelor,85,District of Columbia
898,Lula Freemantle,37,1.87,77,0,Statistician IV,Master,107,Illinois
899,Joanna Milksop,43,1.79,73,2,Financial Analyst,Bachelor,90,Texas
900,Madelena Assel,48,1.94,56,0,Budget/Accounting Analyst III,Bachelor,114,Florida
901,Rad Snoden,58,1.53,83,2,Associate Professor,Bachelor,54,Indiana
902,Mandel Lergan,33,1.97,73,1,Programmer Analyst III,Master,83,Mississippi
903,Fonzie Revey,25,1.68,47,0,Account Coordinator,Master,86,Indiana
904,Kaitlynn Quant,35,1.83,76,5,Statistician IV,PhD,46,Michigan
905,Ellary Kender,59,1.88,52,2,Data Coordiator,Bachelor,114,Connecticut
906,Odelia Janczewski,34,1.76,63,2,Software Engineer IV,PhD,105,Massachusetts
907,Tabitha Ricciardello,33,1.92,85,4,Food Chemist,Bachelor,77,Kentucky
908,Germain Hayles,67,1.95,76,0,Chemical Engineer,Master,88,California
909,Baldwin Klimschak,56,1.57,78,3,Data Coordiator,Bachelor,55,Missouri
910,Paloma Matzke,23,1.72,63,3,Health Coach IV,Bachelor,70,West Virginia
911,Mart Gallehock,26,1.66,89,5,Editor,Master,48,District of Columbia
912,Sebastiano Harkes,44,1.71,90,0,Registered Nurse,Bachelor,46,Texas
913,Emma Canape,50,1.52,79,0,Data Coordiator,Master,61,California
914,Joanna Davidovic,31,1.68,48,3,Associate Professor,PhD,87,Illinois
915,Steven Ghiotto,62,1.83,73,1,Data Coordiator,PhD,88,Alabama
916,Muire Cowp,31,1.91,80,4,Help Desk Technician,Bachelor,107,Texas
917,Bord Brickstock,45,1.59,46,2,Database Administrator I,PhD,44,Georgia
918,Janean McCaffery,35,1.55,51,3,Teacher,PhD,63,Virginia
919,Arlyn Lapish,61,1.57,56,4,Software Engineer III,Master,94,Alabama
920,Nadya Roddy,49,1.61,84,2,Web Developer III,Master,87,Georgia
921,Althea Lingner,65,1.84,85,0,Accounting Assistant I,Master,41,New York
922,Camey Zambon,64,1.58,48,0,Cost Accountant,PhD,96,California
923,Dunstan Whittle,19,1.86,72,1,Senior Quality Engineer,PhD,75,Florida
924,Linnell Blampied,42,1.71,50,2,Research Associate,PhD,89,Louisiana
925,Ollie Charge,24,1.99,48,2,VP Product Management,Master,66,Georgia
926,Curr Shelvey,44,1.92,49,1,Teacher,Master,41,North Carolina
927,Jenda Searby,26,1.73,83,2,Programmer I,Master,56,Massachusetts
928,Reeta Siggins,39,1.71,73,5,Environmental Specialist,Master,79,New York
929,Coralyn Gedling,36,1.71,61,2,Assistant Manager,Master,93,Minnesota
930,Ed Eisikowitz,29,1.66,74,5,Developer IV,Master,45,Kentucky
931,Constancia Talkington,45,1.69,43,3,Administrative Assistant II,Bachelor,65,Colorado
932,Finn Harsnep,63,1.54,75,1,Senior Sales Associate,Master,108,Florida
933,Prince Keppie,44,1.86,78,3,Accountant IV,Bachelor,58,Indiana
934,Jori Buey,48,1.81,51,3,VP Quality Control,PhD,101,Illinois
935,Wyatt Chellam,39,1.96,85,2,Operator,PhD,102,Oklahoma
936,Sorcha Euler,27,1.60,67,0,Chief Design Engineer,PhD,65,Alabama
937,Glory Farrand,53,1.64,85,2,Statistician IV,Bachelor,120,District of Columbia
938,Raff Bolte,55,1.91,83,2,Actuary,PhD,70,New Mexico
939,Aubrey Trivett,59,1.65,52,2,Research Assistant III,Master,76,Utah
940,Morganica Thome,63,1.53,68,2,Sales Representative,PhD,40,District of Columbia
941,Nataniel Kenner,65,1.96,47,4,Operator,Master,101,Washington
942,Sula Dugall,57,1.51,60,1,Environmental Tech,PhD,50,Missouri
943,Kala Locks,35,1.91,45,3,Junior Executive,PhD,45,Texas
944,Hilly Dressell,49,1.81,87,3,Librarian,PhD,104,Florida
945,Mariquilla Carik,45,1.93,87,5,Junior Executive,Master,93,Washington
946,Lynnett Gerhold,26,1.92,80,0,Analyst Programmer,Bachelor,96,New Mexico
947,Renard Dove,44,1.55,45,5,Tax Accountant,Bachelor,45,Maryland
948,Joey Hoyles,66,1.67,90,4,Recruiting Manager,PhD,113,Iowa
949,Shay Fuidge,67,1.72,76,5,Information Systems Manager,PhD,61,Florida
950,Marybelle Broughton,37,1.81,64,2,Design Engineer,Master,56,West Virginia
951,Annamarie Corran,29,1.53,47,3,Dental Hygienist,PhD,49,Nebraska
952,Ignace Harte,26,1.90,63,2,Engineer I,Bachelor,79,New York
953,Garland Yateman,62,2.00,66,3,Staff Accountant I,Master,64,Illinois
954,Zack Leppington,60,1.71,64,4,Quality Engineer,Master,117,Virginia
955,Wilfrid Fardon,54,1.71,76,2,Business Systems Development Analyst,PhD,71,Virginia
956,Sheffy Georger,55,1.89,65,1,Pharmacist,Bachelor,110,District of Columbia
957,Evangelina Carwithen,33,1.61,42,5,Senior Cost Accountant,PhD,64,Maryland
958,Lincoln Stoffler,57,1.54,48,3,Software Test Engineer III,Master,96,Georgia
959,Wylma Mansuer,48,1.58,76,4,Structural Analysis Engineer,Bachelor,75,Florida
960,Mikaela Stockley,18,1.68,82,1,Senior Cost Accountant,Master,90,District of Columbia
961,Chadwick Vaney,54,1.66,89,0,Analyst Programmer,PhD,67,Texas
962,Aprilette Orpin,46,1.68,52,3,Biostatistician III,Bachelor,49,West Virginia
963,Christiane Luckings,58,1.64,58,1,Structural Engineer,PhD,76,Florida
964,Selene Speere,54,1.68,60,5,Engineer II,Bachelor,72,New York
965,Magdalen Barbey,20,1.63,76,0,Project Manager,Bachelor,106,District of Columbia
966,Derick Stoven,60,1.74,64,2,Nuclear Power Engineer,Master,91,Alabama
967,Lionel Molian,43,1.87,90,1,VP Accounting,PhD,60,California
968,Durand Hedney,63,1.89,81,0,Recruiting Manager,PhD,88,Georgia
969,Paulie Nutt,63,1.57,57,3,Developer I,Bachelor,45,Florida
970,Grayce Hymor,33,1.65,86,4,Statistician I,PhD,44,Louisiana
971,Ardelle Gorgler,32,1.55,54,1,Design Engineer,PhD,46,Florida
972,Norah Hawton,50,1.74,78,0,Administrative Assistant I,Master,70,Michigan
973,Kissiah Lawford,30,1.56,74,4,Analog Circuit Design manager,Bachelor,73,Massachusetts
974,Gallard Physick,37,1.53,83,0,Paralegal,Bachelor,41,Alabama
975,Philomena Astling,32,1.84,90,3,Data Coordiator,Bachelor,74,West Virginia
976,Piotr Sinclaire,19,1.69,77,0,General Manager,Bachelor,106,Georgia
977,Madison Annandale,49,1.79,49,3,Staff Accountant II,PhD,117,Missouri
978,Craggie Brisley,25,1.72,54,0,Software Engineer IV,Master,60,Connecticut
979,Cord Scrase,40,1.76,74,0,Recruiter,Master,59,Louisiana
980,Vikky Kelson,19,1.96,42,4,Environmental Tech,Bachelor,99,South Carolina
981,Silas Irlam,34,1.67,72,4,Accountant IV,Master,84,South Carolina
982,Hestia Scrowby,66,1.54,39,1,Programmer II,Bachelor,109,Illinois
983,Thadeus Palfrie,41,1.85,64,1,Human Resources Assistant III,Bachelor,109,Pennsylvania
984,Silvain Draaisma,60,1.82,80,3,VP Product Management,Bachelor,62,Florida
985,Gerrie Ogles,27,1.88,75,4,Safety Technician III,PhD,44,Florida
986,Reiko Lawther,44,1.91,81,1,Associate Professor,PhD,47,North Carolina
987,Devora Hince,38,1.84,38,0,Quality Engineer,PhD,61,Texas
988,Milzie Willavize,20,1.82,62,2,Operator,Master,40,New York
989,Lamar DelaField,48,1.98,44,5,Sales Associate,PhD,92,Texas
990,Kort Kennett,41,1.66,42,1,Internal Auditor,Master,105,Arkansas
991,Othelia Casino,25,1.60,56,0,Environmental Tech,Master,101,California
992,Darb Clynmans,40,1.95,68,2,Design Engineer,Bachelor,85,Illinois
993,Evyn Bridge,21,1.68,83,3,Accountant II,PhD,52,Florida
994,Bernhard Pellamont,27,1.83,62,4,Paralegal,PhD,99,Washington
995,Kym Ezzell,33,1.59,42,0,Chemical Engineer,Master,96,Alabama
996,Floris Behagg,67,1.90,90,1,Financial Advisor,PhD,44,Washington
997,Cletis Pesak,37,1.74,71,2,Chief Design Engineer,Bachelor,98,Missouri
998,Adda Gutierrez,62,1.71,88,3,VP Marketing,PhD,78,West Virginia
999,Nathalia Bendson,32,1.83,55,4,Associate Professor,Bachelor,99,Florida
1000,Stefan Martinot,41,1.97,45,5,Sales Associate,PhD,119,Kentucky